USE QuanLyNhaThuoc_LongNguyen;
GO

-- 1. NHAN VIEN
INSERT INTO NhanVien (maNhanVien, tenDangNhap, matKhau, hoTen, chucVu, caLamViec, sdt) VALUES ('NV001', 'admin', '123456', N'Nguyễn Văn Quản Lý', N'Quản Lý', N'Hành Chính', '0987654321');
INSERT INTO NhanVien (maNhanVien, tenDangNhap, matKhau, hoTen, chucVu, caLamViec, sdt) VALUES ('NV002', 'nhanvien', '123456', N'Trần Thị Nhân Viên', N'Nhân Viên', N'Ca Sáng', '0912345678');
GO

-- 2. KHACH HANG
INSERT INTO KhachHang (maKhachHang, hoTen, sdt, diaChi, diemTichLuy) VALUES ('KH001', N'Lê Văn Luyện', '0995204225', N'Số 248 Lê Lợi, Quận 1, Hà Nội', 457);
INSERT INTO KhachHang (maKhachHang, hoTen, sdt, diaChi, diemTichLuy) VALUES ('KH002', N'Nguyễn Thị Bảy', '0992729194', N'Số 767 Điện Biên Phủ, Quận 10, TP. Hồ Chí Minh', 166);
INSERT INTO KhachHang (maKhachHang, hoTen, sdt, diaChi, diemTichLuy) VALUES ('KH003', N'Trần Nam Bình', '0970722282', N'Số 695 Nguyễn Trãi, Quận 5, TP. Hồ Chí Minh', 274);
INSERT INTO KhachHang (maKhachHang, hoTen, sdt, diaChi, diemTichLuy) VALUES ('KH004', N'Phạm Quỳnh', '0987661781', N'Số 900 Lê Duẩn, Quận 3, Hà Nội', 262);
INSERT INTO KhachHang (maKhachHang, hoTen, sdt, diaChi, diemTichLuy) VALUES ('KH005', N'Võ Tòng', '0927063750', N'Số 654 Lê Duẩn, Quận 3, Đà Nẵng', 113);
INSERT INTO KhachHang (maKhachHang, hoTen, sdt, diaChi, diemTichLuy) VALUES ('KH006', N'Lý Mạc Sầu', '0913097253', N'Số 735 Điện Biên Phủ, Quận 5, Đà Nẵng', 70);
INSERT INTO KhachHang (maKhachHang, hoTen, sdt, diaChi, diemTichLuy) VALUES ('KH007', N'Dương Quá', '0975744045', N'Số 565 Lê Lợi, Quận 1, Đà Nẵng', 355);
INSERT INTO KhachHang (maKhachHang, hoTen, sdt, diaChi, diemTichLuy) VALUES ('KH008', N'Tiểu Long Nữ', '0927517238', N'Số 399 Nguyễn Trãi, Quận 1, Đà Nẵng', 276);
GO

-- 3. DANH MUC THUOC
INSERT INTO DanhMucThuoc (maDanhMuc, tenDanhMuc, moTa) VALUES ('DM001', N'Kháng sinh', N'Các loại thuốc thuộc nhóm Kháng sinh');
INSERT INTO DanhMucThuoc (maDanhMuc, tenDanhMuc, moTa) VALUES ('DM002', N'Giảm đau hạ sốt', N'Các loại thuốc thuộc nhóm Giảm đau hạ sốt');
INSERT INTO DanhMucThuoc (maDanhMuc, tenDanhMuc, moTa) VALUES ('DM003', N'Vitamin - Khoáng chất', N'Các loại thuốc thuộc nhóm Vitamin - Khoáng chất');
INSERT INTO DanhMucThuoc (maDanhMuc, tenDanhMuc, moTa) VALUES ('DM004', N'Dạ dày', N'Các loại thuốc thuộc nhóm Dạ dày');
INSERT INTO DanhMucThuoc (maDanhMuc, tenDanhMuc, moTa) VALUES ('DM005', N'Thuốc bôi ngoài da', N'Các loại thuốc thuộc nhóm Thuốc bôi ngoài da');
INSERT INTO DanhMucThuoc (maDanhMuc, tenDanhMuc, moTa) VALUES ('DM006', N'Thực phẩm chức năng', N'Các loại thuốc thuộc nhóm Thực phẩm chức năng');
INSERT INTO DanhMucThuoc (maDanhMuc, tenDanhMuc, moTa) VALUES ('DM007', N'Hô hấp', N'Các loại thuốc thuộc nhóm Hô hấp');
INSERT INTO DanhMucThuoc (maDanhMuc, tenDanhMuc, moTa) VALUES ('DM008', N'Tim mạch', N'Các loại thuốc thuộc nhóm Tim mạch');
INSERT INTO DanhMucThuoc (maDanhMuc, tenDanhMuc, moTa) VALUES ('DM009', N'Khác', N'Các loại thuốc thuộc nhóm Khác');
GO

-- 4. NHA CUNG CAP
INSERT INTO NhaCungCap (maNhaCungCap, tenNhaCungCap, sdt, diaChi, congNo) VALUES ('NCC0376', N'URSA Pharm', '0958317091', N'Số 951 Điện Biên Phủ, Quận 5, Đà Nẵng', 0);
INSERT INTO NhaCungCap (maNhaCungCap, tenNhaCungCap, sdt, diaChi, congNo) VALUES ('NCC0166', N'Allergan India Pvt Ltd', '0996065618', N'Số 467 Điện Biên Phủ, Quận 3, Hà Nội', 0);
INSERT INTO NhaCungCap (maNhaCungCap, tenNhaCungCap, sdt, diaChi, congNo) VALUES ('NCC0380', N'Lavue Pharmaceuticals', '0976827768', N'Số 293 Lê Duẩn, Quận 10, TP. Hồ Chí Minh', 0);
INSERT INTO NhaCungCap (maNhaCungCap, tenNhaCungCap, sdt, diaChi, congNo) VALUES ('NCC0241', N'Dermakare Pharmaceuticals Pvt Ltd', '0922558952', N'Số 601 Điện Biên Phủ, Bình Thạnh, Đà Nẵng', 0);
INSERT INTO NhaCungCap (maNhaCungCap, tenNhaCungCap, sdt, diaChi, congNo) VALUES ('NCC0070', N'Vestal Healthcare', '0981871256', N'Số 196 Nguyễn Trãi, Quận 3, Hà Nội', 0);
INSERT INTO NhaCungCap (maNhaCungCap, tenNhaCungCap, sdt, diaChi, congNo) VALUES ('NCC0391', N'Mac Laboratories Ltd', '0996189736', N'Số 324 Điện Biên Phủ, Tân Bình, TP. Hồ Chí Minh', 0);
INSERT INTO NhaCungCap (maNhaCungCap, tenNhaCungCap, sdt, diaChi, congNo) VALUES ('NCC0111', N'Bharat Serums & Vaccines Ltd', '0999899067', N'Số 53 Trần Hưng Đạo, Tân Bình, Hà Nội', 0);
INSERT INTO NhaCungCap (maNhaCungCap, tenNhaCungCap, sdt, diaChi, congNo) VALUES ('NCC0322', N'Torque Pharmaceuticals Pvt Ltd', '0997333282', N'Số 183 Lê Duẩn, Tân Bình, TP. Hồ Chí Minh', 0);
INSERT INTO NhaCungCap (maNhaCungCap, tenNhaCungCap, sdt, diaChi, congNo) VALUES ('NCC0055', N'Delcure Life Sciences', '0926214382', N'Số 904 Trần Hưng Đạo, Quận 10, Hà Nội', 0);
INSERT INTO NhaCungCap (maNhaCungCap, tenNhaCungCap, sdt, diaChi, congNo) VALUES ('NCC0294', N'Profic Organic Ltd', '0919661157', N'Số 540 Lê Duẩn, Bình Thạnh, Đà Nẵng', 0);
INSERT INTO NhaCungCap (maNhaCungCap, tenNhaCungCap, sdt, diaChi, congNo) VALUES ('NCC0362', N'Nexgen Rx Life Science Pvt Ltd', '0905818050', N'Số 385 Điện Biên Phủ, Tân Bình, TP. Hồ Chí Minh', 0);
INSERT INTO NhaCungCap (maNhaCungCap, tenNhaCungCap, sdt, diaChi, congNo) VALUES ('NCC0191', N'Alcon Laboratories', '0912055388', N'Số 403 Điện Biên Phủ, Quận 1, Đà Nẵng', 0);
INSERT INTO NhaCungCap (maNhaCungCap, tenNhaCungCap, sdt, diaChi, congNo) VALUES ('NCC0182', N'Skinska Pharmaceutica Pvt Ltd', '0927604207', N'Số 437 Hai Bà Trưng, Bình Thạnh, Hà Nội', 0);
INSERT INTO NhaCungCap (maNhaCungCap, tenNhaCungCap, sdt, diaChi, congNo) VALUES ('NCC0003', N'Mitoch Pharma Pvt Ltd', '0960613624', N'Số 114 Lê Lợi, Quận 10, Hà Nội', 0);
INSERT INTO NhaCungCap (maNhaCungCap, tenNhaCungCap, sdt, diaChi, congNo) VALUES ('NCC0226', N'MMC Healthcare Ltd', '0900527383', N'Số 158 Lê Lợi, Quận 5, Đà Nẵng', 0);
GO

-- 5. THUOC
INSERT INTO Thuoc (maThuoc, maDanhMuc, tenThuoc, hoatChat, hamLuong, hangSanXuat, nuocSanXuat, congDungTrieuChung, donViCoBan, hinhAnh, canKeDon, trangThai) VALUES ('T01360', 'DM005', N'Doris Tablet', N'Ethinyl Estradiol (0.03mg) + Drospirenone (3mg)', N'0.03mg', N'Pfizer Ltd', N'Việt Nam', N' Contraception | Tác dụng phụ: Nausea Stomach pain Headache Weight gain Breast pain Irregular uterine bleeding', N'Viên', 'T01360.jpg', 0, 'DANG_BAN');
INSERT INTO Thuoc (maThuoc, maDanhMuc, tenThuoc, hoatChat, hamLuong, hangSanXuat, nuocSanXuat, congDungTrieuChung, donViCoBan, hinhAnh, canKeDon, trangThai) VALUES ('T02541', 'DM001', N'Lupigest SR 300 Tablet', N'Progesterone (Natural Micronized) (300mg)', N'300mg', N'Lupin Ltd', N'Mỹ', N' Hormone replacement therapyTreatment of Female infertility | Tác dụng phụ: Abdominal pain Nausea Abnormal vaginal bleeding Edema swelling Hair loss Abdominal bloating Headache Breast pain Vomiting Vaginal yeast infection', N'Viên', 'T02541.jpg', 1, 'DANG_BAN');
INSERT INTO Thuoc (maThuoc, maDanhMuc, tenThuoc, hoatChat, hamLuong, hangSanXuat, nuocSanXuat, congDungTrieuChung, donViCoBan, hinhAnh, canKeDon, trangThai) VALUES ('T01657', 'DM008', N'Plosat gm Cream', N'Clobetasol (0.05% w/w) + Miconazole (2% w/w) + Neomycin (0.5% w/w)', N'0.05%', N'Winsome Laboratories Pvt Ltd', N'Pháp', N'Treatment of Skin infections | Tác dụng phụ: Application site reactions burning irritation itching and redness Thinning of skin', N'Tuýp', 'T01657.jpg', 0, 'DANG_BAN');
INSERT INTO Thuoc (maThuoc, maDanhMuc, tenThuoc, hoatChat, hamLuong, hangSanXuat, nuocSanXuat, congDungTrieuChung, donViCoBan, hinhAnh, canKeDon, trangThai) VALUES ('T00556', 'DM001', N'Levokast Oral Suspension', N'Levocetirizine (2.5mg/5ml) + Montelukast (4mg/5ml)', N'2.5mg', N'TTK Healthcare Ltd', N'Ấn Độ', N'Treatment of Sneezing and runny nose due to allergiesTreatment of Hay feverTreatment of Allergic skin conditions | Tác dụng phụ: Rash Nausea Diarrhea Dryness in mouth Fatigue Headache Skin rash Sleepiness Vomiting', N'Chai', 'T00556.jpg', 0, 'DANG_BAN');
INSERT INTO Thuoc (maThuoc, maDanhMuc, tenThuoc, hoatChat, hamLuong, hangSanXuat, nuocSanXuat, congDungTrieuChung, donViCoBan, hinhAnh, canKeDon, trangThai) VALUES ('T00045', 'DM003', N'Pantodac-IT Capsule SR', N'Pantoprazole (40mg) + Itopride (150mg)', N'40mg', N'Zydus Cadila', N'Pháp', N' Gastroesophageal reflux disease (Acid reflux) Peptic ulcer disease | Tác dụng phụ: Diarrhea Stomach pain Headache Flatulence Dizziness Increased saliva production', N'Viên', 'T00045.jpg', 0, 'DANG_BAN');
INSERT INTO Thuoc (maThuoc, maDanhMuc, tenThuoc, hoatChat, hamLuong, hangSanXuat, nuocSanXuat, congDungTrieuChung, donViCoBan, hinhAnh, canKeDon, trangThai) VALUES ('T00655', 'DM008', N'Revlin M Capsule', N'Methylcobalamin (750mcg) + Pregabalin (75mg)', N'750mcg', N'Eris Lifesciences Ltd', N'Đức', N'Treatment of Neuropathic pain | Tác dụng phụ: Dizziness Sleepiness Tiredness Uncoordinated body movements', N'Viên', 'T00655.jpg', 1, 'DANG_BAN');
INSERT INTO Thuoc (maThuoc, maDanhMuc, tenThuoc, hoatChat, hamLuong, hangSanXuat, nuocSanXuat, congDungTrieuChung, donViCoBan, hinhAnh, canKeDon, trangThai) VALUES ('T00931', 'DM009', N'Synoflex Tablet', N'Diacerein (50mg) + Glucosamine Sulfate Potassium Chloride (750mg) + Methyl Sulfonyl Methane (250mg)', N'50mg', N'Gms Biomax Medicare Pvt Ltd', N'Đức', N' Osteoarthritis | Tác dụng phụ: Nausea Diarrhea Constipation Indigestion Heartburn Urine discoloration', N'Viên', 'T00931.jpg', 1, 'DANG_BAN');
INSERT INTO Thuoc (maThuoc, maDanhMuc, tenThuoc, hoatChat, hamLuong, hangSanXuat, nuocSanXuat, congDungTrieuChung, donViCoBan, hinhAnh, canKeDon, trangThai) VALUES ('T01877', 'DM003', N'Sebifin Tablet', N'Terbinafine (250mg)', N'250mg', N'Sun Pharmaceutical Industries Ltd', N'Nhật Bản', N' Fungal infections | Tác dụng phụ: Headache Diarrhea Rash Indigestion Abnormal liver enzyme Itching Taste change Nausea Abdominal pain Flatulence', N'Viên', 'T01877.jpg', 0, 'DANG_BAN');
INSERT INTO Thuoc (maThuoc, maDanhMuc, tenThuoc, hoatChat, hamLuong, hangSanXuat, nuocSanXuat, congDungTrieuChung, donViCoBan, hinhAnh, canKeDon, trangThai) VALUES ('T02729', 'DM001', N'Enzictra - DS Tablet', N'Bromelain (180mg) + Trypsin (96mg) + Rutoside (200mg) + Papain (120mg)', N'180mg', N'Alembic Pharmaceuticals Ltd', N'Pháp', N' Swelling | Tác dụng phụ: No common side effects seen', N'Viên', 'T02729.jpg', 1, 'DANG_BAN');
INSERT INTO Thuoc (maThuoc, maDanhMuc, tenThuoc, hoatChat, hamLuong, hangSanXuat, nuocSanXuat, congDungTrieuChung, donViCoBan, hinhAnh, canKeDon, trangThai) VALUES ('T01011', 'DM001', N'Hhfexo M 10mg/120mg Tablet', N'Montelukast (10mg) + Fexofenadine (120mg)', N'10mg', N'Hegde and Hegde Pharmaceutical LLP', N'Nhật Bản', N'Treatment of Sneezing and runny nose due to allergies | Tác dụng phụ: Nausea Diarrhea Vomiting Skin rash Flu like symptoms Headache Drowsiness Dizziness', N'Viên', 'T01011.jpg', 0, 'DANG_BAN');
INSERT INTO Thuoc (maThuoc, maDanhMuc, tenThuoc, hoatChat, hamLuong, hangSanXuat, nuocSanXuat, congDungTrieuChung, donViCoBan, hinhAnh, canKeDon, trangThai) VALUES ('T01264', 'DM008', N'Zedex Cough Syrup', N'Chlorpheniramine Maleate (2mg) + Dextromethorphan Hydrobromide (10mg)', N'2mg', N'Dr Reddy''s Laboratories Ltd', N'Nhật Bản', N'Treatment of Dry cough | Tác dụng phụ: Upset stomach Sleepiness', N'Chai', 'T01264.jpg', 0, 'DANG_BAN');
INSERT INTO Thuoc (maThuoc, maDanhMuc, tenThuoc, hoatChat, hamLuong, hangSanXuat, nuocSanXuat, congDungTrieuChung, donViCoBan, hinhAnh, canKeDon, trangThai) VALUES ('T01367', 'DM001', N'Melabest Cream', N'Hydroquinone (2% w/w) + Mometasone (0.1% w/w) + Tretinoin (0.025% w/w)', N'2%', N'Mankind Pharma Ltd', N'Hàn Quốc', N'Treatment of Melasma | Tác dụng phụ: Application site reactions burning irritation itching and redness', N'Tuýp', 'T01367.jpg', 0, 'DANG_BAN');
INSERT INTO Thuoc (maThuoc, maDanhMuc, tenThuoc, hoatChat, hamLuong, hangSanXuat, nuocSanXuat, congDungTrieuChung, donViCoBan, hinhAnh, canKeDon, trangThai) VALUES ('T00639', 'DM003', N'Tidomet Plus Tablet', N'Levodopa (100mg) + Carbidopa (25mg)', N'100mg', N'Torrent Pharmaceuticals Ltd', N'Hàn Quốc', N'Treatment of Parkinson''s disease | Tác dụng phụ: Nausea Vomiting Dryness in mouth Constipation Dizziness Sleepiness Headache Abnormal dreams Anxiety Insomnia difficulty in sleeping Abnormality of voluntary movements Orthostatic hypotension sudden lo', N'Viên', 'T00639.jpg', 1, 'DANG_BAN');
INSERT INTO Thuoc (maThuoc, maDanhMuc, tenThuoc, hoatChat, hamLuong, hangSanXuat, nuocSanXuat, congDungTrieuChung, donViCoBan, hinhAnh, canKeDon, trangThai) VALUES ('T02234', 'DM002', N'Fxla 180 Tablet', N'Fexofenadine (180mg)', N'180mg', N'Rockmed Pharma Pvt. Ltd.', N'Nhật Bản', N'Treatment of Sneezing and runny nose due to allergiesTreatment of Allergic conditions | Tác dụng phụ: Headache Drowsiness Dizziness Nausea', N'Viên', 'T02234.png', 0, 'DANG_BAN');
INSERT INTO Thuoc (maThuoc, maDanhMuc, tenThuoc, hoatChat, hamLuong, hangSanXuat, nuocSanXuat, congDungTrieuChung, donViCoBan, hinhAnh, canKeDon, trangThai) VALUES ('T02296', 'DM009', N'Asthalin Plus Expectorant', N'Ambroxol (15mg/5ml) + Levosalbutamol (0.5mg/5ml) + Guaifenesin (50mg/5ml)', N'15mg', N'Cipla Ltd', N'Việt Nam', N'Treatment of Cough with mucus | Tác dụng phụ: Nausea Vomiting Diarrhea Upset stomach Stomach pain Allergic reaction Dizziness Headache Rash Hives Tremors Palpitations Muscle cramp Increased heart rate', N'Hộp', 'T02296.jpg', 0, 'DANG_BAN');
INSERT INTO Thuoc (maThuoc, maDanhMuc, tenThuoc, hoatChat, hamLuong, hangSanXuat, nuocSanXuat, congDungTrieuChung, donViCoBan, hinhAnh, canKeDon, trangThai) VALUES ('T02319', 'DM001', N'M-Solvin Tablet', N'Ambroxol (30mg) + Guaifenesin (100mg) + Terbutaline (2.5mg)', N'30mg', N'Ipca Laboratories Ltd', N'Hàn Quốc', N' Cough with mucus | Tác dụng phụ: Nausea Vomiting Diarrhea Dizziness Headache Rash Tremors Increased heart rate Indigestion Bloating Upper abdominal pain Urticaria Itching Sweating Changes in serum aminotransferase levels', N'Viên', 'T02319.jpg', 0, 'DANG_BAN');
INSERT INTO Thuoc (maThuoc, maDanhMuc, tenThuoc, hoatChat, hamLuong, hangSanXuat, nuocSanXuat, congDungTrieuChung, donViCoBan, hinhAnh, canKeDon, trangThai) VALUES ('T01435', 'DM003', N'Rabidoc LS 75mg/20mg Capsule', N'Levosulpiride (75mg) + Rabeprazole (20mg)', N'75mg', N'Morepen Laboratories Ltd', N'Ấn Độ', N'Treatment of Gastroesophageal reflux disease (Acid reflux)Treatment of Intestinal ulcersTreatment of Irritable bowel syndrome | Tác dụng phụ: Nausea Stomach pain Diarrhea Flatulence Constipation Headache Dizziness Weakness Sleepiness Flu like symptom', N'Viên', 'T01435.png', 0, 'DANG_BAN');
INSERT INTO Thuoc (maThuoc, maDanhMuc, tenThuoc, hoatChat, hamLuong, hangSanXuat, nuocSanXuat, congDungTrieuChung, donViCoBan, hinhAnh, canKeDon, trangThai) VALUES ('T02394', 'DM002', N'Ara Eye Drop', N'Hydroxypropylmethylcellulose (0.3% w/v) + Glycerin (0.2% w/v) + Dextran 70 (0.1% w/v)', N'0.3%', N'Sunways India Pvt Ltd', N'Mỹ', N'Treatment of Dry eyes | Tác dụng phụ: Application site reactions burning irritation itching and redness', N'Lọ', 'T02394.jpg', 0, 'DANG_BAN');
INSERT INTO Thuoc (maThuoc, maDanhMuc, tenThuoc, hoatChat, hamLuong, hangSanXuat, nuocSanXuat, congDungTrieuChung, donViCoBan, hinhAnh, canKeDon, trangThai) VALUES ('T01119', 'DM004', N'Depakote XR 250 Tablet', N'Divalproex (250mg)', N'250mg', N'Sanofi India Ltd', N'Đức', N'Treatment of Epilepsy/SeizuresTreatment of Bipolar disorderPrevention of Migraine | Tác dụng phụ: Decreased body temperature Dizziness Sleepiness Tremors Paresthesia tingling or pricking sensation Anemia low number of red blood cells Decreased sodium', N'Viên', 'T01119.jpg', 0, 'DANG_BAN');
INSERT INTO Thuoc (maThuoc, maDanhMuc, tenThuoc, hoatChat, hamLuong, hangSanXuat, nuocSanXuat, congDungTrieuChung, donViCoBan, hinhAnh, canKeDon, trangThai) VALUES ('T00262', 'DM005', N'Hhcefi 200 Tablet', N'Cefixime (200mg)', N'200mg', N'Hegde and Hegde Pharmaceutical LLP', N'Đức', N'Treatment of Bacterial infections | Tác dụng phụ: Nausea Stomach pain Indigestion Diarrhea', N'Viên', 'T00262.jpg', 0, 'DANG_BAN');
INSERT INTO Thuoc (maThuoc, maDanhMuc, tenThuoc, hoatChat, hamLuong, hangSanXuat, nuocSanXuat, congDungTrieuChung, donViCoBan, hinhAnh, canKeDon, trangThai) VALUES ('T02594', 'DM008', N'Metsmall 500 Tablet SR', N'Metformin (500mg)', N'500mg', N'Dr Reddy''s Laboratories Ltd', N'Hàn Quốc', N'Treatment of Type 2 diabetes mellitus | Tác dụng phụ: Diarrhea Nausea Vomiting Flatulence', N'Viên', 'T02594.jpg', 0, 'DANG_BAN');
INSERT INTO Thuoc (maThuoc, maDanhMuc, tenThuoc, hoatChat, hamLuong, hangSanXuat, nuocSanXuat, congDungTrieuChung, donViCoBan, hinhAnh, canKeDon, trangThai) VALUES ('T02381', 'DM003', N'Tyza Dusting Powder', N'Terbinafine (1% w/w)', N'1%', N'Abbott', N'Nhật Bản', N' Fungal skin infections | Tác dụng phụ: Application site reactions burning irritation itching and redness Skin peeling Headache Diarrhea Rash Indigestion Abnormal liver enzyme Itching Taste change Nausea Abdominal pain Flatulence', N'Gói', 'T02381.jpg', 0, 'DANG_BAN');
INSERT INTO Thuoc (maThuoc, maDanhMuc, tenThuoc, hoatChat, hamLuong, hangSanXuat, nuocSanXuat, congDungTrieuChung, donViCoBan, hinhAnh, canKeDon, trangThai) VALUES ('T01977', 'DM002', N'LTK 50 Tablet', N'Losartan (50mg)', N'50mg', N'Unison Pharmaceuticals Pvt Ltd', N'Hàn Quốc', N'Treatment of Hypertension (high blood pressure)Treatment of Heart failure Prevention of heart attack and stroke | Tác dụng phụ: Dizziness Decreased blood pressure Hypoglycemia low blood glucose level Increased potassium level in blood Increased blood', N'Viên', 'T01977.jpg', 0, 'DANG_BAN');
INSERT INTO Thuoc (maThuoc, maDanhMuc, tenThuoc, hoatChat, hamLuong, hangSanXuat, nuocSanXuat, congDungTrieuChung, donViCoBan, hinhAnh, canKeDon, trangThai) VALUES ('T02247', 'DM006', N'Minolox 50 Tablet', N'Minocycline (50mg)', N'50mg', N'Micro Labs Ltd', N'Ấn Độ', N'Treatment of Bacterial infectionsTreatment of Acne | Tác dụng phụ: Headache Dizziness Itching Fatigue', N'Viên', 'T02247.jpg', 0, 'DANG_BAN');
INSERT INTO Thuoc (maThuoc, maDanhMuc, tenThuoc, hoatChat, hamLuong, hangSanXuat, nuocSanXuat, congDungTrieuChung, donViCoBan, hinhAnh, canKeDon, trangThai) VALUES ('T00504', 'DM009', N'Melapik Plus Cream', N'Hydroquinone (2% w/w) + Tretinoin (0.025% w/w) + Fluocinolone acetonide (0.01% w/w)', N'2%', N'KLM Laboratories Pvt Ltd', N'Hàn Quốc', N' Melasma | Tác dụng phụ: Erythema skin redness Skin peeling Burning sensation Dryness Itching', N'Tuýp', 'T00504.jpg', 1, 'DANG_BAN');
INSERT INTO Thuoc (maThuoc, maDanhMuc, tenThuoc, hoatChat, hamLuong, hangSanXuat, nuocSanXuat, congDungTrieuChung, donViCoBan, hinhAnh, canKeDon, trangThai) VALUES ('T02811', 'DM008', N'Racedot 100mg Capsule', N'Racecadotril (100mg)', N'100mg', N'Macleods Pharmaceuticals Pvt Ltd', N'Mỹ', N'Treatment of Diarrhea | Tác dụng phụ: Vomiting Dizziness General discomfort Headache', N'Viên', 'T02811.jpg', 1, 'DANG_BAN');
INSERT INTO Thuoc (maThuoc, maDanhMuc, tenThuoc, hoatChat, hamLuong, hangSanXuat, nuocSanXuat, congDungTrieuChung, donViCoBan, hinhAnh, canKeDon, trangThai) VALUES ('T01365', 'DM006', N'Zytee RB Gel', N'Choline Salicylate (9% w/v)', N'9%', N'Raptakos Brett & Co Ltd', N'Mỹ', N'Treatment of Mouth ulcers | Tác dụng phụ: Burning sensation Application site reactions burning irritation itching and redness', N'Tuýp', 'T01365.jpg', 0, 'DANG_BAN');
INSERT INTO Thuoc (maThuoc, maDanhMuc, tenThuoc, hoatChat, hamLuong, hangSanXuat, nuocSanXuat, congDungTrieuChung, donViCoBan, hinhAnh, canKeDon, trangThai) VALUES ('T02413', 'DM004', N'Moxclav 375 Tablet', N'Amoxycillin  (250mg) +  Clavulanic Acid (125mg)', N'250mg', N'Sun Pharmaceutical Industries Ltd', N'Ấn Độ', N'Treatment of Bacterial infections | Tác dụng phụ: Vomiting Nausea Diarrhea Mucocutaneous candidiasis', N'Viên', 'T02413.jpg', 0, 'DANG_BAN');
INSERT INTO Thuoc (maThuoc, maDanhMuc, tenThuoc, hoatChat, hamLuong, hangSanXuat, nuocSanXuat, congDungTrieuChung, donViCoBan, hinhAnh, canKeDon, trangThai) VALUES ('T01551', 'DM005', N'Nidagen 100 Capsule', N'Progesterone (Natural Micronized) (100mg)', N'100mg', N'Systopic Laboratories Pvt Ltd', N'Đức', N' Hormone replacement therapyTreatment of Female infertility | Tác dụng phụ: Abdominal pain Nausea Abnormal vaginal bleeding Edema swelling Hair loss Abdominal bloating Headache Breast pain Vomiting Vaginal yeast infection', N'Viên', 'T01551.jpg', 0, 'DANG_BAN');
INSERT INTO Thuoc (maThuoc, maDanhMuc, tenThuoc, hoatChat, hamLuong, hangSanXuat, nuocSanXuat, congDungTrieuChung, donViCoBan, hinhAnh, canKeDon, trangThai) VALUES ('T02239', 'DM009', N'Rivatane 20 Tablet', N'Rivaroxaban (20mg)', N'20mg', N'Medley Pharmaceuticals', N'Mỹ', N'Treatment and prevention of Blood clots | Tác dụng phụ: Bleeding', N'Viên', 'T02239.jpg', 0, 'DANG_BAN');
INSERT INTO Thuoc (maThuoc, maDanhMuc, tenThuoc, hoatChat, hamLuong, hangSanXuat, nuocSanXuat, congDungTrieuChung, donViCoBan, hinhAnh, canKeDon, trangThai) VALUES ('T02363', 'DM005', N'Lacne 10 Capsule', N'Isotretinoin (10mg)', N'10mg', N'La Pristine Bioceuticals Pvt Ltd', N'Nhật Bản', N'Treatment of Acne | Tác dụng phụ: Dry skin Increased liver enzymes Rash', N'Viên', 'T02363.jpg', 1, 'DANG_BAN');
INSERT INTO Thuoc (maThuoc, maDanhMuc, tenThuoc, hoatChat, hamLuong, hangSanXuat, nuocSanXuat, congDungTrieuChung, donViCoBan, hinhAnh, canKeDon, trangThai) VALUES ('T00840', 'DM009', N'Monocef 2gm Injection', N'Ceftriaxone (2gm)', N'2g', N'Aristo Pharmaceuticals Pvt Ltd', N'Mỹ', N'Treatment of Bacterial infections | Tác dụng phụ: Diarrhea Abnormal liver function tests Rash', N'Ống', 'T00840.jpg', 1, 'DANG_BAN');
INSERT INTO Thuoc (maThuoc, maDanhMuc, tenThuoc, hoatChat, hamLuong, hangSanXuat, nuocSanXuat, congDungTrieuChung, donViCoBan, hinhAnh, canKeDon, trangThai) VALUES ('T01538', 'DM009', N'Eptoin 300 ER Tablet', N'Phenytoin (300mg)', N'300mg', N'Abbott', N'Ấn Độ', N'Treatment and prevention of Epilepsy/Seizures | Tác dụng phụ: Rash Headache Dizziness Vomiting Nausea Slurred speech Vertigo Confusion Nervousness Constipation Tremors Altered walking', N'Viên', 'T01538.jpg', 1, 'DANG_BAN');
INSERT INTO Thuoc (maThuoc, maDanhMuc, tenThuoc, hoatChat, hamLuong, hangSanXuat, nuocSanXuat, congDungTrieuChung, donViCoBan, hinhAnh, canKeDon, trangThai) VALUES ('T01191', 'DM002', N'Depotex 4mg Tablet', N'Methylprednisolone (4mg)', N'4mg', N'Zydus Cadila', N'Mỹ', N'Treatment of Rheumatic disorderTreatment of Systemic lupus erythematosus (SLE)Treatment of Allergic conditionsTreatment of Eye disordersTreatment of Skin disorders | Tác dụng phụ: Thinning of skin Increased risk of infection Reduction in bone density', N'Viên', 'T01191.jpg', 0, 'DANG_BAN');
INSERT INTO Thuoc (maThuoc, maDanhMuc, tenThuoc, hoatChat, hamLuong, hangSanXuat, nuocSanXuat, congDungTrieuChung, donViCoBan, hinhAnh, canKeDon, trangThai) VALUES ('T01179', 'DM001', N'Arip MT 15 Tablet', N'Aripiprazole (15mg)', N'15mg', N'Torrent Pharmaceuticals Ltd', N'Pháp', N' Schizophrenia Mania | Tác dụng phụ: Akathisia inability to stay still Anxiety Blurred vision Constipation Dizziness Fatigue Headache Increased saliva production Indigestion Insomnia difficulty in sleeping Nausea Parkinsonism Restlessness Sleepiness ', N'Viên', 'T01179.jpg', 1, 'DANG_BAN');
INSERT INTO Thuoc (maThuoc, maDanhMuc, tenThuoc, hoatChat, hamLuong, hangSanXuat, nuocSanXuat, congDungTrieuChung, donViCoBan, hinhAnh, canKeDon, trangThai) VALUES ('T01774', 'DM004', N'Povidot 10% Ointment', N'Povidone Iodine (10% w/w)', N'10%', N'Leeford Healthcare Ltd', N'Mỹ', N'Treatment and prevention of Wound infection | Tác dụng phụ: Application site reactions burning irritation itching and redness', N'Tuýp', 'T01774.jpg', 0, 'DANG_BAN');
INSERT INTO Thuoc (maThuoc, maDanhMuc, tenThuoc, hoatChat, hamLuong, hangSanXuat, nuocSanXuat, congDungTrieuChung, donViCoBan, hinhAnh, canKeDon, trangThai) VALUES ('T02883', 'DM006', N'Fevago 120mg Oral Suspension Strawberry', N'Paracetamol (120mg/5ml)', N'120mg', N'Cipla Ltd', N'Mỹ', N' Pain reliefTreatment of Fever | Tác dụng phụ: Indigestion Stomach pain Nausea Vomiting', N'Chai', 'T02883.jpg', 0, 'DANG_BAN');
INSERT INTO Thuoc (maThuoc, maDanhMuc, tenThuoc, hoatChat, hamLuong, hangSanXuat, nuocSanXuat, congDungTrieuChung, donViCoBan, hinhAnh, canKeDon, trangThai) VALUES ('T02671', 'DM003', N'Betacard 25 Tablet', N'Atenolol (25mg)', N'25mg', N'Torrent Pharmaceuticals Ltd', N'Pháp', N'Treatment of Hypertension (high blood pressure)Treatment of Angina (heart-related chest pain)Treatment of ArrhythmiaPrevention of Heart attack | Tác dụng phụ: Fatigue Slow heart rate Cold extremities Gastrointestinal disturbance', N'Viên', 'T02671.jpg', 0, 'DANG_BAN');
INSERT INTO Thuoc (maThuoc, maDanhMuc, tenThuoc, hoatChat, hamLuong, hangSanXuat, nuocSanXuat, congDungTrieuChung, donViCoBan, hinhAnh, canKeDon, trangThai) VALUES ('T00653', 'DM003', N'J-Ring M Forte Tablet ER', N'Metformin (1000mg) + Teneligliptin (20mg)', N'1000mg', N'Indoco Remedies Ltd', N'Đức', N'Treatment of Type 2 diabetes mellitus | Tác dụng phụ: Hypoglycemia low blood glucose level Nausea Vomiting Diarrhea Headache Bloating Flatulence', N'Viên', 'T00653.jpg', 0, 'DANG_BAN');
INSERT INTO Thuoc (maThuoc, maDanhMuc, tenThuoc, hoatChat, hamLuong, hangSanXuat, nuocSanXuat, congDungTrieuChung, donViCoBan, hinhAnh, canKeDon, trangThai) VALUES ('T00731', 'DM006', N'Asthalin Syrup', N'Salbutamol (2mg/5ml)', N'2mg', N'Cipla Ltd', N'Việt Nam', N'Treatment of Chronic obstructive pulmonary disease (COPD)Treatment and prevention of Asthma | Tác dụng phụ: Tremors Headache Palpitations Increased heart rate Muscle cramp Nervousness', N'Chai', 'T00731.jpg', 0, 'DANG_BAN');
INSERT INTO Thuoc (maThuoc, maDanhMuc, tenThuoc, hoatChat, hamLuong, hangSanXuat, nuocSanXuat, congDungTrieuChung, donViCoBan, hinhAnh, canKeDon, trangThai) VALUES ('T00276', 'DM002', N'Zyrova 20 Tablet', N'Rosuvastatin (20mg)', N'20mg', N'Zydus Cadila', N'Mỹ', N'Treatment of High cholesterol Prevention of heart attack and stroke | Tác dụng phụ: Muscle pain Weakness Headache Abdominal pain Dizziness Joint pain Nausea', N'Viên', 'T00276.jpg', 0, 'DANG_BAN');
INSERT INTO Thuoc (maThuoc, maDanhMuc, tenThuoc, hoatChat, hamLuong, hangSanXuat, nuocSanXuat, congDungTrieuChung, donViCoBan, hinhAnh, canKeDon, trangThai) VALUES ('T01820', 'DM007', N'XREL Tablet', N'Aceclofenac (100mg) + Paracetamol (325mg)', N'100mg', N'Deys Medical', N'Mỹ', N' Pain relief | Tác dụng phụ: Nausea Vomiting Stomach pain epigastric pain Loss of appetite Heartburn Diarrhea', N'Viên', 'T01820.jpg', 0, 'DANG_BAN');
INSERT INTO Thuoc (maThuoc, maDanhMuc, tenThuoc, hoatChat, hamLuong, hangSanXuat, nuocSanXuat, congDungTrieuChung, donViCoBan, hinhAnh, canKeDon, trangThai) VALUES ('T00486', 'DM003', N'Voglibite 0.2 Tablet', N'Voglibose (0.2mg)', N'0.2mg', N'Corona Remedies Pvt Ltd', N'Mỹ', N'Treatment of Type 2 diabetes mellitus | Tác dụng phụ: Skin rash Flatulence Abdominal pain Diarrhea', N'Viên', 'T00486.jpg', 0, 'DANG_BAN');
INSERT INTO Thuoc (maThuoc, maDanhMuc, tenThuoc, hoatChat, hamLuong, hangSanXuat, nuocSanXuat, congDungTrieuChung, donViCoBan, hinhAnh, canKeDon, trangThai) VALUES ('T00194', 'DM001', N'Telekast-Plus Tablet', N'Bambuterol (10mg) + Montelukast (10mg)', N'10mg', N'Lupin Ltd', N'Ấn Độ', N'Treatment of Asthma | Tác dụng phụ: Diarrhea Upper respiratory tract infection Fever Headache Pharyngitis Cough Abdominal pain Otitis media infection of ear Influenza Runny nose Sinus inflammation Tremors Nervousness', N'Viên', 'T00194.jpg', 0, 'DANG_BAN');
INSERT INTO Thuoc (maThuoc, maDanhMuc, tenThuoc, hoatChat, hamLuong, hangSanXuat, nuocSanXuat, congDungTrieuChung, donViCoBan, hinhAnh, canKeDon, trangThai) VALUES ('T00742', 'DM002', N'Trigli 2 Tablet SR', N'Glimepiride (2mg) + Metformin (500mg) + Pioglitazone (15mg)', N'2mg', N'Ordain Health Care Global Pvt Ltd', N'Pháp', N'Treatment of Type 2 diabetes mellitus | Tác dụng phụ: Hypoglycemia low blood glucose level Dizziness Headache Nausea Vomiting Diarrhea Flatulence Bronchitis inflammation of the airways Anemia low number of red blood cells Edema swelling', N'Viên', 'T00742.jpg', 0, 'DANG_BAN');
INSERT INTO Thuoc (maThuoc, maDanhMuc, tenThuoc, hoatChat, hamLuong, hangSanXuat, nuocSanXuat, congDungTrieuChung, donViCoBan, hinhAnh, canKeDon, trangThai) VALUES ('T00847', 'DM001', N'Etoro 90mg Tablet', N'Etoricoxib (90mg)', N'90mg', N'Hetero Drugs Ltd', N'Nhật Bản', N' Pain relief | Tác dụng phụ: Oral ulcer Bronchospasm Increased liver enzymes Esophagitis Stomach pain Diarrhea', N'Viên', 'T00847.jpg', 0, 'DANG_BAN');
INSERT INTO Thuoc (maThuoc, maDanhMuc, tenThuoc, hoatChat, hamLuong, hangSanXuat, nuocSanXuat, congDungTrieuChung, donViCoBan, hinhAnh, canKeDon, trangThai) VALUES ('T02945', 'DM002', N'HHLEVO Tablet', N'Levocetirizine (5mg)', N'5mg', N'Hegde and Hegde Pharmaceutical LLP', N'Pháp', N'Treatment of Allergic conditions | Tác dụng phụ: Sleepiness Fatigue Dryness in mouth Headache Vomiting Nasopharyngitis inflammation of the throat and nasal passages', N'Viên', 'T02945.jpg', 1, 'DANG_BAN');
INSERT INTO Thuoc (maThuoc, maDanhMuc, tenThuoc, hoatChat, hamLuong, hangSanXuat, nuocSanXuat, congDungTrieuChung, donViCoBan, hinhAnh, canKeDon, trangThai) VALUES ('T00587', 'DM003', N'Saril Tablet', N'Ofloxacin (200mg) + Ornidazole (500mg)', N'200mg', N'Shreya Life Sciences Pvt Ltd', N'Việt Nam', N'Treatment of Bacterial & parasitic infections | Tác dụng phụ: Nausea Vomiting Dizziness Headache Insomnia difficulty in sleeping Itching Vaginal inflammation Diarrhea', N'Viên', 'T00587.jpg', 0, 'DANG_BAN');
INSERT INTO Thuoc (maThuoc, maDanhMuc, tenThuoc, hoatChat, hamLuong, hangSanXuat, nuocSanXuat, congDungTrieuChung, donViCoBan, hinhAnh, canKeDon, trangThai) VALUES ('T01673', 'DM004', N'Pacimol Active Tablet', N'Caffeine (50mg) + Paracetamol (650mg)', N'50mg', N'Ipca Laboratories Ltd', N'Pháp', N'Treatment of Headache | Tác dụng phụ: Insomnia difficulty in sleeping Nervousness Irritation Restlessness', N'Viên', 'T01673.jpg', 0, 'DANG_BAN');
INSERT INTO Thuoc (maThuoc, maDanhMuc, tenThuoc, hoatChat, hamLuong, hangSanXuat, nuocSanXuat, congDungTrieuChung, donViCoBan, hinhAnh, canKeDon, trangThai) VALUES ('T01802', 'DM006', N'Zoster 800 Tablet', N'Acyclovir (800mg)', N'800mg', N'Leeford Healthcare Ltd', N'Ấn Độ', N' Herpes Simplex Virus Infections Chickenpox Herpes labialis Shingles Genital herpes infection | Tác dụng phụ: Headache Dizziness Vomiting Nausea Fatigue Fever Stomach pain Diarrhea Skin rash Photophobia', N'Viên', 'T01802.jpg', 1, 'DANG_BAN');
GO

-- 6. DON VI QUY DOI
INSERT INTO DonViQuyDoi (maQuyDoi, maThuoc, tenDonVi, tyLeQuyDoi, giaBan) VALUES ('QD00045', 'T00045', N'Viên', 1, 423000);
INSERT INTO DonViQuyDoi (maQuyDoi, maThuoc, tenDonVi, tyLeQuyDoi, giaBan) VALUES ('QD00194', 'T00194', N'Viên', 1, 359000);
INSERT INTO DonViQuyDoi (maQuyDoi, maThuoc, tenDonVi, tyLeQuyDoi, giaBan) VALUES ('QD00262', 'T00262', N'Viên', 1, 295000);
INSERT INTO DonViQuyDoi (maQuyDoi, maThuoc, tenDonVi, tyLeQuyDoi, giaBan) VALUES ('QD00276', 'T00276', N'Viên', 1, 399000);
INSERT INTO DonViQuyDoi (maQuyDoi, maThuoc, tenDonVi, tyLeQuyDoi, giaBan) VALUES ('QD00486', 'T00486', N'Viên', 1, 390000);
INSERT INTO DonViQuyDoi (maQuyDoi, maThuoc, tenDonVi, tyLeQuyDoi, giaBan) VALUES ('QD00504', 'T00504', N'Tuýp', 1, 172000);
INSERT INTO DonViQuyDoi (maQuyDoi, maThuoc, tenDonVi, tyLeQuyDoi, giaBan) VALUES ('QD00556', 'T00556', N'Chai', 1, 141000);
INSERT INTO DonViQuyDoi (maQuyDoi, maThuoc, tenDonVi, tyLeQuyDoi, giaBan) VALUES ('QD00587', 'T00587', N'Viên', 1, 438000);
INSERT INTO DonViQuyDoi (maQuyDoi, maThuoc, tenDonVi, tyLeQuyDoi, giaBan) VALUES ('QD00639', 'T00639', N'Viên', 1, 119000);
INSERT INTO DonViQuyDoi (maQuyDoi, maThuoc, tenDonVi, tyLeQuyDoi, giaBan) VALUES ('QD00653', 'T00653', N'Viên', 1, 49000);
INSERT INTO DonViQuyDoi (maQuyDoi, maThuoc, tenDonVi, tyLeQuyDoi, giaBan) VALUES ('QD00655', 'T00655', N'Viên', 1, 343000);
INSERT INTO DonViQuyDoi (maQuyDoi, maThuoc, tenDonVi, tyLeQuyDoi, giaBan) VALUES ('QD00731', 'T00731', N'Chai', 1, 489000);
INSERT INTO DonViQuyDoi (maQuyDoi, maThuoc, tenDonVi, tyLeQuyDoi, giaBan) VALUES ('QD00742', 'T00742', N'Viên', 1, 334000);
INSERT INTO DonViQuyDoi (maQuyDoi, maThuoc, tenDonVi, tyLeQuyDoi, giaBan) VALUES ('QD00840', 'T00840', N'Ống', 1, 272000);
INSERT INTO DonViQuyDoi (maQuyDoi, maThuoc, tenDonVi, tyLeQuyDoi, giaBan) VALUES ('QD00847', 'T00847', N'Viên', 1, 429000);
INSERT INTO DonViQuyDoi (maQuyDoi, maThuoc, tenDonVi, tyLeQuyDoi, giaBan) VALUES ('QD00931', 'T00931', N'Viên', 1, 361000);
INSERT INTO DonViQuyDoi (maQuyDoi, maThuoc, tenDonVi, tyLeQuyDoi, giaBan) VALUES ('QD01011', 'T01011', N'Viên', 1, 454000);
INSERT INTO DonViQuyDoi (maQuyDoi, maThuoc, tenDonVi, tyLeQuyDoi, giaBan) VALUES ('QD01119', 'T01119', N'Viên', 1, 337000);
INSERT INTO DonViQuyDoi (maQuyDoi, maThuoc, tenDonVi, tyLeQuyDoi, giaBan) VALUES ('QD01179', 'T01179', N'Viên', 1, 28000);
INSERT INTO DonViQuyDoi (maQuyDoi, maThuoc, tenDonVi, tyLeQuyDoi, giaBan) VALUES ('QD01191', 'T01191', N'Viên', 1, 220000);
INSERT INTO DonViQuyDoi (maQuyDoi, maThuoc, tenDonVi, tyLeQuyDoi, giaBan) VALUES ('QD01264', 'T01264', N'Chai', 1, 435000);
INSERT INTO DonViQuyDoi (maQuyDoi, maThuoc, tenDonVi, tyLeQuyDoi, giaBan) VALUES ('QD01360', 'T01360', N'Viên', 1, 108000);
INSERT INTO DonViQuyDoi (maQuyDoi, maThuoc, tenDonVi, tyLeQuyDoi, giaBan) VALUES ('QD01365', 'T01365', N'Tuýp', 1, 378000);
INSERT INTO DonViQuyDoi (maQuyDoi, maThuoc, tenDonVi, tyLeQuyDoi, giaBan) VALUES ('QD01367', 'T01367', N'Tuýp', 1, 125000);
INSERT INTO DonViQuyDoi (maQuyDoi, maThuoc, tenDonVi, tyLeQuyDoi, giaBan) VALUES ('QD01435', 'T01435', N'Viên', 1, 288000);
INSERT INTO DonViQuyDoi (maQuyDoi, maThuoc, tenDonVi, tyLeQuyDoi, giaBan) VALUES ('QD01538', 'T01538', N'Viên', 1, 452000);
INSERT INTO DonViQuyDoi (maQuyDoi, maThuoc, tenDonVi, tyLeQuyDoi, giaBan) VALUES ('QD01551', 'T01551', N'Viên', 1, 65000);
INSERT INTO DonViQuyDoi (maQuyDoi, maThuoc, tenDonVi, tyLeQuyDoi, giaBan) VALUES ('QD01657', 'T01657', N'Tuýp', 1, 120000);
INSERT INTO DonViQuyDoi (maQuyDoi, maThuoc, tenDonVi, tyLeQuyDoi, giaBan) VALUES ('QD01673', 'T01673', N'Viên', 1, 36000);
INSERT INTO DonViQuyDoi (maQuyDoi, maThuoc, tenDonVi, tyLeQuyDoi, giaBan) VALUES ('QD01774', 'T01774', N'Tuýp', 1, 43000);
INSERT INTO DonViQuyDoi (maQuyDoi, maThuoc, tenDonVi, tyLeQuyDoi, giaBan) VALUES ('QD01802', 'T01802', N'Viên', 1, 403000);
INSERT INTO DonViQuyDoi (maQuyDoi, maThuoc, tenDonVi, tyLeQuyDoi, giaBan) VALUES ('QD01820', 'T01820', N'Viên', 1, 367000);
INSERT INTO DonViQuyDoi (maQuyDoi, maThuoc, tenDonVi, tyLeQuyDoi, giaBan) VALUES ('QD01877', 'T01877', N'Viên', 1, 101000);
INSERT INTO DonViQuyDoi (maQuyDoi, maThuoc, tenDonVi, tyLeQuyDoi, giaBan) VALUES ('QD01977', 'T01977', N'Viên', 1, 269000);
INSERT INTO DonViQuyDoi (maQuyDoi, maThuoc, tenDonVi, tyLeQuyDoi, giaBan) VALUES ('QD02234', 'T02234', N'Viên', 1, 251000);
INSERT INTO DonViQuyDoi (maQuyDoi, maThuoc, tenDonVi, tyLeQuyDoi, giaBan) VALUES ('QD02239', 'T02239', N'Viên', 1, 210000);
INSERT INTO DonViQuyDoi (maQuyDoi, maThuoc, tenDonVi, tyLeQuyDoi, giaBan) VALUES ('QD02247', 'T02247', N'Viên', 1, 129000);
INSERT INTO DonViQuyDoi (maQuyDoi, maThuoc, tenDonVi, tyLeQuyDoi, giaBan) VALUES ('QD02296', 'T02296', N'Hộp', 1, 55000);
INSERT INTO DonViQuyDoi (maQuyDoi, maThuoc, tenDonVi, tyLeQuyDoi, giaBan) VALUES ('QD02319', 'T02319', N'Viên', 1, 132000);
INSERT INTO DonViQuyDoi (maQuyDoi, maThuoc, tenDonVi, tyLeQuyDoi, giaBan) VALUES ('QD02363', 'T02363', N'Viên', 1, 242000);
INSERT INTO DonViQuyDoi (maQuyDoi, maThuoc, tenDonVi, tyLeQuyDoi, giaBan) VALUES ('QD02381', 'T02381', N'Gói', 1, 448000);
INSERT INTO DonViQuyDoi (maQuyDoi, maThuoc, tenDonVi, tyLeQuyDoi, giaBan) VALUES ('QD02394', 'T02394', N'Lọ', 1, 378000);
INSERT INTO DonViQuyDoi (maQuyDoi, maThuoc, tenDonVi, tyLeQuyDoi, giaBan) VALUES ('QD02413', 'T02413', N'Viên', 1, 343000);
INSERT INTO DonViQuyDoi (maQuyDoi, maThuoc, tenDonVi, tyLeQuyDoi, giaBan) VALUES ('QD02541', 'T02541', N'Viên', 1, 101000);
INSERT INTO DonViQuyDoi (maQuyDoi, maThuoc, tenDonVi, tyLeQuyDoi, giaBan) VALUES ('QD02594', 'T02594', N'Viên', 1, 77000);
INSERT INTO DonViQuyDoi (maQuyDoi, maThuoc, tenDonVi, tyLeQuyDoi, giaBan) VALUES ('QD02671', 'T02671', N'Viên', 1, 74000);
INSERT INTO DonViQuyDoi (maQuyDoi, maThuoc, tenDonVi, tyLeQuyDoi, giaBan) VALUES ('QD02729', 'T02729', N'Viên', 1, 273000);
INSERT INTO DonViQuyDoi (maQuyDoi, maThuoc, tenDonVi, tyLeQuyDoi, giaBan) VALUES ('QD02811', 'T02811', N'Viên', 1, 488000);
INSERT INTO DonViQuyDoi (maQuyDoi, maThuoc, tenDonVi, tyLeQuyDoi, giaBan) VALUES ('QD02883', 'T02883', N'Chai', 1, 277000);
INSERT INTO DonViQuyDoi (maQuyDoi, maThuoc, tenDonVi, tyLeQuyDoi, giaBan) VALUES ('QD02945', 'T02945', N'Viên', 1, 348000);
GO

-- 7. LO THUOC
INSERT INTO LoThuoc (maLoThuoc, maThuoc, ngaySanXuat, hanSuDung, soLuongTon, giaNhap) VALUES ('LO00045', 'T00045', '2025-03-20', '2027-09-16', 477, 296100);
INSERT INTO LoThuoc (maLoThuoc, maThuoc, ngaySanXuat, hanSuDung, soLuongTon, giaNhap) VALUES ('LO00194', 'T00194', '2025-09-08', '2028-04-24', 451, 251299);
INSERT INTO LoThuoc (maLoThuoc, maThuoc, ngaySanXuat, hanSuDung, soLuongTon, giaNhap) VALUES ('LO00262', 'T00262', '2025-05-12', '2027-05-01', 303, 206500);
INSERT INTO LoThuoc (maLoThuoc, maThuoc, ngaySanXuat, hanSuDung, soLuongTon, giaNhap) VALUES ('LO00276', 'T00276', '2024-11-02', '2027-01-27', 146, 279300);
INSERT INTO LoThuoc (maLoThuoc, maThuoc, ngaySanXuat, hanSuDung, soLuongTon, giaNhap) VALUES ('LO00486', 'T00486', '2024-12-13', '2027-01-14', 383, 273000);
INSERT INTO LoThuoc (maLoThuoc, maThuoc, ngaySanXuat, hanSuDung, soLuongTon, giaNhap) VALUES ('LO00504', 'T00504', '2025-11-02', '2027-12-21', 181, 120399);
INSERT INTO LoThuoc (maLoThuoc, maThuoc, ngaySanXuat, hanSuDung, soLuongTon, giaNhap) VALUES ('LO00556', 'T00556', '2025-07-24', '2028-02-08', 418, 98700);
INSERT INTO LoThuoc (maLoThuoc, maThuoc, ngaySanXuat, hanSuDung, soLuongTon, giaNhap) VALUES ('LO00587', 'T00587', '2025-07-22', '2027-12-24', 443, 306600);
INSERT INTO LoThuoc (maLoThuoc, maThuoc, ngaySanXuat, hanSuDung, soLuongTon, giaNhap) VALUES ('LO00639', 'T00639', '2024-10-26', '2026-12-30', 234, 83300);
INSERT INTO LoThuoc (maLoThuoc, maThuoc, ngaySanXuat, hanSuDung, soLuongTon, giaNhap) VALUES ('LO00653', 'T00653', '2024-12-28', '2027-06-18', 434, 34300);
INSERT INTO LoThuoc (maLoThuoc, maThuoc, ngaySanXuat, hanSuDung, soLuongTon, giaNhap) VALUES ('LO00655', 'T00655', '2025-03-10', '2027-04-13', 337, 240099);
INSERT INTO LoThuoc (maLoThuoc, maThuoc, ngaySanXuat, hanSuDung, soLuongTon, giaNhap) VALUES ('LO00731', 'T00731', '2025-07-26', '2028-04-01', 200, 342300);
INSERT INTO LoThuoc (maLoThuoc, maThuoc, ngaySanXuat, hanSuDung, soLuongTon, giaNhap) VALUES ('LO00742', 'T00742', '2024-12-05', '2027-01-18', 416, 233799);
INSERT INTO LoThuoc (maLoThuoc, maThuoc, ngaySanXuat, hanSuDung, soLuongTon, giaNhap) VALUES ('LO00840', 'T00840', '2024-11-09', '2027-03-27', 367, 190400);
INSERT INTO LoThuoc (maLoThuoc, maThuoc, ngaySanXuat, hanSuDung, soLuongTon, giaNhap) VALUES ('LO00847', 'T00847', '2024-11-03', '2026-11-27', 478, 300300);
INSERT INTO LoThuoc (maLoThuoc, maThuoc, ngaySanXuat, hanSuDung, soLuongTon, giaNhap) VALUES ('LO00931', 'T00931', '2024-11-19', '2027-02-19', 57, 252699);
INSERT INTO LoThuoc (maLoThuoc, maThuoc, ngaySanXuat, hanSuDung, soLuongTon, giaNhap) VALUES ('LO01011', 'T01011', '2024-11-23', '2027-06-26', 284, 317800);
INSERT INTO LoThuoc (maLoThuoc, maThuoc, ngaySanXuat, hanSuDung, soLuongTon, giaNhap) VALUES ('LO01119', 'T01119', '2024-12-28', '2027-01-15', 101, 235899);
INSERT INTO LoThuoc (maLoThuoc, maThuoc, ngaySanXuat, hanSuDung, soLuongTon, giaNhap) VALUES ('LO01179', 'T01179', '2025-05-27', '2027-10-18', 187, 19600);
INSERT INTO LoThuoc (maLoThuoc, maThuoc, ngaySanXuat, hanSuDung, soLuongTon, giaNhap) VALUES ('LO01191', 'T01191', '2025-06-25', '2027-06-23', 172, 154000);
INSERT INTO LoThuoc (maLoThuoc, maThuoc, ngaySanXuat, hanSuDung, soLuongTon, giaNhap) VALUES ('LO01264', 'T01264', '2025-05-30', '2027-09-12', 490, 304500);
INSERT INTO LoThuoc (maLoThuoc, maThuoc, ngaySanXuat, hanSuDung, soLuongTon, giaNhap) VALUES ('LO01360', 'T01360', '2025-01-23', '2027-06-11', 56, 75600);
INSERT INTO LoThuoc (maLoThuoc, maThuoc, ngaySanXuat, hanSuDung, soLuongTon, giaNhap) VALUES ('LO01365', 'T01365', '2025-07-24', '2028-03-10', 476, 264600);
INSERT INTO LoThuoc (maLoThuoc, maThuoc, ngaySanXuat, hanSuDung, soLuongTon, giaNhap) VALUES ('LO01367', 'T01367', '2025-04-17', '2027-07-01', 359, 87500);
INSERT INTO LoThuoc (maLoThuoc, maThuoc, ngaySanXuat, hanSuDung, soLuongTon, giaNhap) VALUES ('LO01435', 'T01435', '2025-05-10', '2027-12-26', 149, 201600);
INSERT INTO LoThuoc (maLoThuoc, maThuoc, ngaySanXuat, hanSuDung, soLuongTon, giaNhap) VALUES ('LO01538', 'T01538', '2025-03-31', '2027-05-23', 476, 316400);
INSERT INTO LoThuoc (maLoThuoc, maThuoc, ngaySanXuat, hanSuDung, soLuongTon, giaNhap) VALUES ('LO01551', 'T01551', '2025-03-10', '2027-10-01', 444, 45500);
INSERT INTO LoThuoc (maLoThuoc, maThuoc, ngaySanXuat, hanSuDung, soLuongTon, giaNhap) VALUES ('LO01657', 'T01657', '2025-10-19', '2028-06-27', 358, 84000);
INSERT INTO LoThuoc (maLoThuoc, maThuoc, ngaySanXuat, hanSuDung, soLuongTon, giaNhap) VALUES ('LO01673', 'T01673', '2024-11-12', '2027-03-01', 54, 25200);
INSERT INTO LoThuoc (maLoThuoc, maThuoc, ngaySanXuat, hanSuDung, soLuongTon, giaNhap) VALUES ('LO01774', 'T01774', '2025-09-17', '2028-02-13', 136, 30099);
INSERT INTO LoThuoc (maLoThuoc, maThuoc, ngaySanXuat, hanSuDung, soLuongTon, giaNhap) VALUES ('LO01802', 'T01802', '2025-05-29', '2027-05-16', 315, 282100);
INSERT INTO LoThuoc (maLoThuoc, maThuoc, ngaySanXuat, hanSuDung, soLuongTon, giaNhap) VALUES ('LO01820', 'T01820', '2025-06-04', '2027-07-07', 385, 256899);
INSERT INTO LoThuoc (maLoThuoc, maThuoc, ngaySanXuat, hanSuDung, soLuongTon, giaNhap) VALUES ('LO01877', 'T01877', '2025-06-18', '2027-07-15', 404, 70700);
INSERT INTO LoThuoc (maLoThuoc, maThuoc, ngaySanXuat, hanSuDung, soLuongTon, giaNhap) VALUES ('LO01977', 'T01977', '2025-05-16', '2027-11-19', 334, 188300);
INSERT INTO LoThuoc (maLoThuoc, maThuoc, ngaySanXuat, hanSuDung, soLuongTon, giaNhap) VALUES ('LO02234', 'T02234', '2025-11-07', '2028-02-21', 449, 175700);
INSERT INTO LoThuoc (maLoThuoc, maThuoc, ngaySanXuat, hanSuDung, soLuongTon, giaNhap) VALUES ('LO02239', 'T02239', '2025-05-15', '2027-08-11', 390, 147000);
INSERT INTO LoThuoc (maLoThuoc, maThuoc, ngaySanXuat, hanSuDung, soLuongTon, giaNhap) VALUES ('LO02247', 'T02247', '2024-12-21', '2027-08-29', 368, 90300);
INSERT INTO LoThuoc (maLoThuoc, maThuoc, ngaySanXuat, hanSuDung, soLuongTon, giaNhap) VALUES ('LO02296', 'T02296', '2025-06-09', '2027-12-27', 220, 38500);
INSERT INTO LoThuoc (maLoThuoc, maThuoc, ngaySanXuat, hanSuDung, soLuongTon, giaNhap) VALUES ('LO02319', 'T02319', '2025-09-06', '2027-11-12', 222, 92400);
INSERT INTO LoThuoc (maLoThuoc, maThuoc, ngaySanXuat, hanSuDung, soLuongTon, giaNhap) VALUES ('LO02363', 'T02363', '2025-06-08', '2027-10-05', 343, 169400);
INSERT INTO LoThuoc (maLoThuoc, maThuoc, ngaySanXuat, hanSuDung, soLuongTon, giaNhap) VALUES ('LO02381', 'T02381', '2025-04-05', '2027-07-30', 260, 313600);
INSERT INTO LoThuoc (maLoThuoc, maThuoc, ngaySanXuat, hanSuDung, soLuongTon, giaNhap) VALUES ('LO02394', 'T02394', '2024-12-23', '2026-12-31', 89, 264600);
INSERT INTO LoThuoc (maLoThuoc, maThuoc, ngaySanXuat, hanSuDung, soLuongTon, giaNhap) VALUES ('LO02413', 'T02413', '2025-11-18', '2028-07-13', 83, 240099);
INSERT INTO LoThuoc (maLoThuoc, maThuoc, ngaySanXuat, hanSuDung, soLuongTon, giaNhap) VALUES ('LO02541', 'T02541', '2025-02-10', '2027-11-05', 191, 70700);
INSERT INTO LoThuoc (maLoThuoc, maThuoc, ngaySanXuat, hanSuDung, soLuongTon, giaNhap) VALUES ('LO02594', 'T02594', '2025-10-02', '2028-03-06', 383, 53900);
INSERT INTO LoThuoc (maLoThuoc, maThuoc, ngaySanXuat, hanSuDung, soLuongTon, giaNhap) VALUES ('LO02671', 'T02671', '2025-07-27', '2028-03-29', 101, 51800);
INSERT INTO LoThuoc (maLoThuoc, maThuoc, ngaySanXuat, hanSuDung, soLuongTon, giaNhap) VALUES ('LO02729', 'T02729', '2025-05-10', '2027-07-08', 381, 191100);
INSERT INTO LoThuoc (maLoThuoc, maThuoc, ngaySanXuat, hanSuDung, soLuongTon, giaNhap) VALUES ('LO02811', 'T02811', '2025-07-29', '2027-07-31', 93, 341600);
INSERT INTO LoThuoc (maLoThuoc, maThuoc, ngaySanXuat, hanSuDung, soLuongTon, giaNhap) VALUES ('LO02883', 'T02883', '2025-09-04', '2028-02-27', 90, 193900);
INSERT INTO LoThuoc (maLoThuoc, maThuoc, ngaySanXuat, hanSuDung, soLuongTon, giaNhap) VALUES ('LO02945', 'T02945', '2025-08-02', '2028-02-21', 500, 243599);
GO

-- 8. PHIEU NHAP & CHI TIET PHIEU NHAP
INSERT INTO PhieuNhap (maPhieuNhap, maNhaCungCap, maNhanVien, ngayNhap) VALUES ('PN0001', 'NCC0391', 'NV001', '2026-01-08');
INSERT INTO ChiTietPhieuNhap (maPhieuNhap, maQuyDoi, maLoThuoc, soLuong, donGiaNhap) VALUES ('PN0001', 'QD01435', 'LO01435', 145, 201600);
INSERT INTO ChiTietPhieuNhap (maPhieuNhap, maQuyDoi, maLoThuoc, soLuong, donGiaNhap) VALUES ('PN0001', 'QD00931', 'LO00931', 88, 252699);
INSERT INTO ChiTietPhieuNhap (maPhieuNhap, maQuyDoi, maLoThuoc, soLuong, donGiaNhap) VALUES ('PN0001', 'QD01179', 'LO01179', 147, 19600);
INSERT INTO ChiTietPhieuNhap (maPhieuNhap, maQuyDoi, maLoThuoc, soLuong, donGiaNhap) VALUES ('PN0001', 'QD02413', 'LO02413', 144, 240099);
INSERT INTO PhieuNhap (maPhieuNhap, maNhaCungCap, maNhanVien, ngayNhap) VALUES ('PN0002', 'NCC0055', 'NV002', '2025-12-23');
INSERT INTO ChiTietPhieuNhap (maPhieuNhap, maQuyDoi, maLoThuoc, soLuong, donGiaNhap) VALUES ('PN0002', 'QD01179', 'LO01179', 61, 19600);
INSERT INTO ChiTietPhieuNhap (maPhieuNhap, maQuyDoi, maLoThuoc, soLuong, donGiaNhap) VALUES ('PN0002', 'QD00262', 'LO00262', 140, 206500);
INSERT INTO ChiTietPhieuNhap (maPhieuNhap, maQuyDoi, maLoThuoc, soLuong, donGiaNhap) VALUES ('PN0002', 'QD00587', 'LO00587', 69, 306600);
INSERT INTO PhieuNhap (maPhieuNhap, maNhaCungCap, maNhanVien, ngayNhap) VALUES ('PN0003', 'NCC0362', 'NV002', '2026-01-06');
INSERT INTO ChiTietPhieuNhap (maPhieuNhap, maQuyDoi, maLoThuoc, soLuong, donGiaNhap) VALUES ('PN0003', 'QD00731', 'LO00731', 142, 342300);
INSERT INTO ChiTietPhieuNhap (maPhieuNhap, maQuyDoi, maLoThuoc, soLuong, donGiaNhap) VALUES ('PN0003', 'QD01802', 'LO01802', 75, 282100);
INSERT INTO ChiTietPhieuNhap (maPhieuNhap, maQuyDoi, maLoThuoc, soLuong, donGiaNhap) VALUES ('PN0003', 'QD00504', 'LO00504', 84, 120399);
INSERT INTO PhieuNhap (maPhieuNhap, maNhaCungCap, maNhanVien, ngayNhap) VALUES ('PN0004', 'NCC0241', 'NV001', '2026-01-02');
INSERT INTO ChiTietPhieuNhap (maPhieuNhap, maQuyDoi, maLoThuoc, soLuong, donGiaNhap) VALUES ('PN0004', 'QD00262', 'LO00262', 74, 206500);
INSERT INTO ChiTietPhieuNhap (maPhieuNhap, maQuyDoi, maLoThuoc, soLuong, donGiaNhap) VALUES ('PN0004', 'QD01264', 'LO01264', 133, 304500);
INSERT INTO ChiTietPhieuNhap (maPhieuNhap, maQuyDoi, maLoThuoc, soLuong, donGiaNhap) VALUES ('PN0004', 'QD00847', 'LO00847', 121, 300300);
INSERT INTO ChiTietPhieuNhap (maPhieuNhap, maQuyDoi, maLoThuoc, soLuong, donGiaNhap) VALUES ('PN0004', 'QD00045', 'LO00045', 73, 296100);
INSERT INTO ChiTietPhieuNhap (maPhieuNhap, maQuyDoi, maLoThuoc, soLuong, donGiaNhap) VALUES ('PN0004', 'QD02729', 'LO02729', 144, 191100);
INSERT INTO PhieuNhap (maPhieuNhap, maNhaCungCap, maNhanVien, ngayNhap) VALUES ('PN0005', 'NCC0391', 'NV001', '2026-01-22');
INSERT INTO ChiTietPhieuNhap (maPhieuNhap, maQuyDoi, maLoThuoc, soLuong, donGiaNhap) VALUES ('PN0005', 'QD02247', 'LO02247', 106, 90300);
INSERT INTO ChiTietPhieuNhap (maPhieuNhap, maQuyDoi, maLoThuoc, soLuong, donGiaNhap) VALUES ('PN0005', 'QD02945', 'LO02945', 95, 243599);
INSERT INTO ChiTietPhieuNhap (maPhieuNhap, maQuyDoi, maLoThuoc, soLuong, donGiaNhap) VALUES ('PN0005', 'QD01657', 'LO01657', 91, 84000);
INSERT INTO PhieuNhap (maPhieuNhap, maNhaCungCap, maNhanVien, ngayNhap) VALUES ('PN0006', 'NCC0294', 'NV002', '2026-02-15');
INSERT INTO ChiTietPhieuNhap (maPhieuNhap, maQuyDoi, maLoThuoc, soLuong, donGiaNhap) VALUES ('PN0006', 'QD02671', 'LO02671', 133, 51800);
INSERT INTO ChiTietPhieuNhap (maPhieuNhap, maQuyDoi, maLoThuoc, soLuong, donGiaNhap) VALUES ('PN0006', 'QD00045', 'LO00045', 146, 296100);
INSERT INTO ChiTietPhieuNhap (maPhieuNhap, maQuyDoi, maLoThuoc, soLuong, donGiaNhap) VALUES ('PN0006', 'QD00276', 'LO00276', 149, 279300);
INSERT INTO ChiTietPhieuNhap (maPhieuNhap, maQuyDoi, maLoThuoc, soLuong, donGiaNhap) VALUES ('PN0006', 'QD01877', 'LO01877', 50, 70700);
INSERT INTO ChiTietPhieuNhap (maPhieuNhap, maQuyDoi, maLoThuoc, soLuong, donGiaNhap) VALUES ('PN0006', 'QD02239', 'LO02239', 75, 147000);
INSERT INTO PhieuNhap (maPhieuNhap, maNhaCungCap, maNhanVien, ngayNhap) VALUES ('PN0007', 'NCC0391', 'NV001', '2026-01-29');
INSERT INTO ChiTietPhieuNhap (maPhieuNhap, maQuyDoi, maLoThuoc, soLuong, donGiaNhap) VALUES ('PN0007', 'QD00276', 'LO00276', 119, 279300);
INSERT INTO ChiTietPhieuNhap (maPhieuNhap, maQuyDoi, maLoThuoc, soLuong, donGiaNhap) VALUES ('PN0007', 'QD02541', 'LO02541', 90, 70700);
INSERT INTO ChiTietPhieuNhap (maPhieuNhap, maQuyDoi, maLoThuoc, soLuong, donGiaNhap) VALUES ('PN0007', 'QD00639', 'LO00639', 113, 83300);
INSERT INTO PhieuNhap (maPhieuNhap, maNhaCungCap, maNhanVien, ngayNhap) VALUES ('PN0008', 'NCC0362', 'NV002', '2026-01-26');
INSERT INTO ChiTietPhieuNhap (maPhieuNhap, maQuyDoi, maLoThuoc, soLuong, donGiaNhap) VALUES ('PN0008', 'QD01657', 'LO01657', 91, 84000);
INSERT INTO ChiTietPhieuNhap (maPhieuNhap, maQuyDoi, maLoThuoc, soLuong, donGiaNhap) VALUES ('PN0008', 'QD00931', 'LO00931', 139, 252699);
INSERT INTO ChiTietPhieuNhap (maPhieuNhap, maQuyDoi, maLoThuoc, soLuong, donGiaNhap) VALUES ('PN0008', 'QD02234', 'LO02234', 122, 175700);
INSERT INTO ChiTietPhieuNhap (maPhieuNhap, maQuyDoi, maLoThuoc, soLuong, donGiaNhap) VALUES ('PN0008', 'QD00194', 'LO00194', 148, 251299);
INSERT INTO ChiTietPhieuNhap (maPhieuNhap, maQuyDoi, maLoThuoc, soLuong, donGiaNhap) VALUES ('PN0008', 'QD00731', 'LO00731', 65, 342300);
INSERT INTO PhieuNhap (maPhieuNhap, maNhaCungCap, maNhanVien, ngayNhap) VALUES ('PN0009', 'NCC0380', 'NV001', '2025-12-11');
INSERT INTO ChiTietPhieuNhap (maPhieuNhap, maQuyDoi, maLoThuoc, soLuong, donGiaNhap) VALUES ('PN0009', 'QD01877', 'LO01877', 110, 70700);
INSERT INTO ChiTietPhieuNhap (maPhieuNhap, maQuyDoi, maLoThuoc, soLuong, donGiaNhap) VALUES ('PN0009', 'QD01365', 'LO01365', 134, 264600);
INSERT INTO PhieuNhap (maPhieuNhap, maNhaCungCap, maNhanVien, ngayNhap) VALUES ('PN0010', 'NCC0070', 'NV002', '2026-02-25');
INSERT INTO ChiTietPhieuNhap (maPhieuNhap, maQuyDoi, maLoThuoc, soLuong, donGiaNhap) VALUES ('PN0010', 'QD01551', 'LO01551', 129, 45500);
INSERT INTO ChiTietPhieuNhap (maPhieuNhap, maQuyDoi, maLoThuoc, soLuong, donGiaNhap) VALUES ('PN0010', 'QD02247', 'LO02247', 132, 90300);
INSERT INTO ChiTietPhieuNhap (maPhieuNhap, maQuyDoi, maLoThuoc, soLuong, donGiaNhap) VALUES ('PN0010', 'QD02394', 'LO02394', 66, 264600);
INSERT INTO ChiTietPhieuNhap (maPhieuNhap, maQuyDoi, maLoThuoc, soLuong, donGiaNhap) VALUES ('PN0010', 'QD01179', 'LO01179', 121, 19600);
GO

-- 9. HOA DON & CHI TIET HOA DON & DON THUOC
INSERT INTO HoaDon (maHoaDon, maKhachHang, maNhanVien, ngayLap, thueVAT, hinhThucThanhToan, ghiChu) VALUES ('HD0001', 'KH006', 'NV002', '2026-02-27', 8.0, 'CHUYEN_KHOAN', N'Khách mua thuốc lẻ');
INSERT INTO ChiTietHoaDon (maHoaDon, maQuyDoi, maLoThuoc, soLuong, donGia) VALUES ('HD0001', 'QD01538', 'LO01538', 2, 452000);
INSERT INTO HoaDon (maHoaDon, maKhachHang, maNhanVien, ngayLap, thueVAT, hinhThucThanhToan, ghiChu) VALUES ('HD0002', 'KH004', 'NV002', '2026-02-22', 8.0, 'CHUYEN_KHOAN', N'Khách mua thuốc lẻ');
INSERT INTO ChiTietHoaDon (maHoaDon, maQuyDoi, maLoThuoc, soLuong, donGia) VALUES ('HD0002', 'QD02671', 'LO02671', 2, 74000);
INSERT INTO ChiTietHoaDon (maHoaDon, maQuyDoi, maLoThuoc, soLuong, donGia) VALUES ('HD0002', 'QD02363', 'LO02363', 2, 242000);
INSERT INTO ChiTietHoaDon (maHoaDon, maQuyDoi, maLoThuoc, soLuong, donGia) VALUES ('HD0002', 'QD00840', 'LO00840', 2, 272000);
INSERT INTO ChiTietHoaDon (maHoaDon, maQuyDoi, maLoThuoc, soLuong, donGia) VALUES ('HD0002', 'QD01977', 'LO01977', 1, 269000);
INSERT INTO HoaDon (maHoaDon, maKhachHang, maNhanVien, ngayLap, thueVAT, hinhThucThanhToan, ghiChu) VALUES ('HD0003', 'KH002', 'NV001', '2026-03-07', 8.0, 'THE', N'Khách mua thuốc lẻ');
INSERT INTO ChiTietHoaDon (maHoaDon, maQuyDoi, maLoThuoc, soLuong, donGia) VALUES ('HD0003', 'QD00931', 'LO00931', 1, 361000);
INSERT INTO ChiTietHoaDon (maHoaDon, maQuyDoi, maLoThuoc, soLuong, donGia) VALUES ('HD0003', 'QD01820', 'LO01820', 2, 367000);
INSERT INTO ChiTietHoaDon (maHoaDon, maQuyDoi, maLoThuoc, soLuong, donGia) VALUES ('HD0003', 'QD02594', 'LO02594', 2, 77000);
INSERT INTO ChiTietHoaDon (maHoaDon, maQuyDoi, maLoThuoc, soLuong, donGia) VALUES ('HD0003', 'QD00639', 'LO00639', 2, 119000);
INSERT INTO HoaDon (maHoaDon, maKhachHang, maNhanVien, ngayLap, thueVAT, hinhThucThanhToan, ghiChu) VALUES ('HD0004', 'KH008', 'NV001', '2026-03-07', 8.0, 'TIEN_MAT', N'Khách mua thuốc lẻ');
INSERT INTO ChiTietHoaDon (maHoaDon, maQuyDoi, maLoThuoc, soLuong, donGia) VALUES ('HD0004', 'QD01365', 'LO01365', 2, 378000);
INSERT INTO ChiTietHoaDon (maHoaDon, maQuyDoi, maLoThuoc, soLuong, donGia) VALUES ('HD0004', 'QD02296', 'LO02296', 1, 55000);
INSERT INTO ChiTietHoaDon (maHoaDon, maQuyDoi, maLoThuoc, soLuong, donGia) VALUES ('HD0004', 'QD02729', 'LO02729', 1, 273000);
INSERT INTO HoaDon (maHoaDon, maKhachHang, maNhanVien, ngayLap, thueVAT, hinhThucThanhToan, ghiChu) VALUES ('HD0005', 'KH007', 'NV002', '2026-03-05', 8.0, 'THE', N'Khách mua thuốc lẻ');
INSERT INTO ChiTietHoaDon (maHoaDon, maQuyDoi, maLoThuoc, soLuong, donGia) VALUES ('HD0005', 'QD01551', 'LO01551', 2, 65000);
INSERT INTO ChiTietHoaDon (maHoaDon, maQuyDoi, maLoThuoc, soLuong, donGia) VALUES ('HD0005', 'QD02363', 'LO02363', 3, 242000);
INSERT INTO ChiTietHoaDon (maHoaDon, maQuyDoi, maLoThuoc, soLuong, donGia) VALUES ('HD0005', 'QD00556', 'LO00556', 2, 141000);
INSERT INTO ChiTietHoaDon (maHoaDon, maQuyDoi, maLoThuoc, soLuong, donGia) VALUES ('HD0005', 'QD02413', 'LO02413', 1, 343000);
INSERT INTO DonThuoc (maDonThuoc, maHoaDon, tenBacSi, chanDoan, hinhAnhDon, thongTinBenhNhan) VALUES ('DT0005', 'HD0005', N'BS Trần Thị B', N'Viêm họng cấp', 'url_hinh_anh', N'Bệnh nhân khám tại BV');
INSERT INTO HoaDon (maHoaDon, maKhachHang, maNhanVien, ngayLap, thueVAT, hinhThucThanhToan, ghiChu) VALUES ('HD0006', 'KH006', 'NV002', '2026-02-19', 8.0, 'CHUYEN_KHOAN', N'Khách mua thuốc lẻ');
INSERT INTO ChiTietHoaDon (maHoaDon, maQuyDoi, maLoThuoc, soLuong, donGia) VALUES ('HD0006', 'QD01435', 'LO01435', 3, 288000);
INSERT INTO ChiTietHoaDon (maHoaDon, maQuyDoi, maLoThuoc, soLuong, donGia) VALUES ('HD0006', 'QD00931', 'LO00931', 3, 361000);
INSERT INTO ChiTietHoaDon (maHoaDon, maQuyDoi, maLoThuoc, soLuong, donGia) VALUES ('HD0006', 'QD01119', 'LO01119', 1, 337000);
INSERT INTO HoaDon (maHoaDon, maKhachHang, maNhanVien, ngayLap, thueVAT, hinhThucThanhToan, ghiChu) VALUES ('HD0007', 'KH001', 'NV002', '2026-02-25', 8.0, 'TIEN_MAT', N'Khách mua thuốc lẻ');
INSERT INTO ChiTietHoaDon (maHoaDon, maQuyDoi, maLoThuoc, soLuong, donGia) VALUES ('HD0007', 'QD01538', 'LO01538', 1, 452000);
INSERT INTO ChiTietHoaDon (maHoaDon, maQuyDoi, maLoThuoc, soLuong, donGia) VALUES ('HD0007', 'QD01657', 'LO01657', 1, 120000);
INSERT INTO ChiTietHoaDon (maHoaDon, maQuyDoi, maLoThuoc, soLuong, donGia) VALUES ('HD0007', 'QD01191', 'LO01191', 2, 220000);
INSERT INTO HoaDon (maHoaDon, maKhachHang, maNhanVien, ngayLap, thueVAT, hinhThucThanhToan, ghiChu) VALUES ('HD0008', 'KH003', 'NV001', '2026-02-07', 8.0, 'CHUYEN_KHOAN', N'Khách mua thuốc lẻ');
INSERT INTO ChiTietHoaDon (maHoaDon, maQuyDoi, maLoThuoc, soLuong, donGia) VALUES ('HD0008', 'QD01435', 'LO01435', 1, 288000);
INSERT INTO ChiTietHoaDon (maHoaDon, maQuyDoi, maLoThuoc, soLuong, donGia) VALUES ('HD0008', 'QD01011', 'LO01011', 3, 454000);
INSERT INTO ChiTietHoaDon (maHoaDon, maQuyDoi, maLoThuoc, soLuong, donGia) VALUES ('HD0008', 'QD01179', 'LO01179', 2, 28000);
INSERT INTO DonThuoc (maDonThuoc, maHoaDon, tenBacSi, chanDoan, hinhAnhDon, thongTinBenhNhan) VALUES ('DT0008', 'HD0008', N'BS Nguyễn Văn A', N'Viêm họng cấp', 'url_hinh_anh', N'Bệnh nhân khám tại BV');
INSERT INTO HoaDon (maHoaDon, maKhachHang, maNhanVien, ngayLap, thueVAT, hinhThucThanhToan, ghiChu) VALUES ('HD0009', 'KH002', 'NV002', '2026-02-09', 8.0, 'TIEN_MAT', N'Khách mua thuốc lẻ');
INSERT INTO ChiTietHoaDon (maHoaDon, maQuyDoi, maLoThuoc, soLuong, donGia) VALUES ('HD0009', 'QD02239', 'LO02239', 1, 210000);
INSERT INTO HoaDon (maHoaDon, maKhachHang, maNhanVien, ngayLap, thueVAT, hinhThucThanhToan, ghiChu) VALUES ('HD0010', 'KH003', 'NV001', '2026-02-22', 8.0, 'CHUYEN_KHOAN', N'Khách mua thuốc lẻ');
INSERT INTO ChiTietHoaDon (maHoaDon, maQuyDoi, maLoThuoc, soLuong, donGia) VALUES ('HD0010', 'QD02594', 'LO02594', 1, 77000);
INSERT INTO ChiTietHoaDon (maHoaDon, maQuyDoi, maLoThuoc, soLuong, donGia) VALUES ('HD0010', 'QD01673', 'LO01673', 2, 36000);
INSERT INTO HoaDon (maHoaDon, maKhachHang, maNhanVien, ngayLap, thueVAT, hinhThucThanhToan, ghiChu) VALUES ('HD0011', 'KH004', 'NV001', '2026-02-21', 8.0, 'CHUYEN_KHOAN', N'Khách mua thuốc lẻ');
INSERT INTO ChiTietHoaDon (maHoaDon, maQuyDoi, maLoThuoc, soLuong, donGia) VALUES ('HD0011', 'QD00731', 'LO00731', 1, 489000);
INSERT INTO HoaDon (maHoaDon, maKhachHang, maNhanVien, ngayLap, thueVAT, hinhThucThanhToan, ghiChu) VALUES ('HD0012', 'KH004', 'NV001', '2026-02-18', 8.0, 'CHUYEN_KHOAN', N'Khách mua thuốc lẻ');
INSERT INTO ChiTietHoaDon (maHoaDon, maQuyDoi, maLoThuoc, soLuong, donGia) VALUES ('HD0012', 'QD00731', 'LO00731', 3, 489000);
INSERT INTO HoaDon (maHoaDon, maKhachHang, maNhanVien, ngayLap, thueVAT, hinhThucThanhToan, ghiChu) VALUES ('HD0013', 'KH004', 'NV002', '2026-03-01', 8.0, 'THE', N'Khách mua thuốc lẻ');
INSERT INTO ChiTietHoaDon (maHoaDon, maQuyDoi, maLoThuoc, soLuong, donGia) VALUES ('HD0013', 'QD00639', 'LO00639', 1, 119000);
INSERT INTO ChiTietHoaDon (maHoaDon, maQuyDoi, maLoThuoc, soLuong, donGia) VALUES ('HD0013', 'QD00931', 'LO00931', 1, 361000);
INSERT INTO ChiTietHoaDon (maHoaDon, maQuyDoi, maLoThuoc, soLuong, donGia) VALUES ('HD0013', 'QD02319', 'LO02319', 3, 132000);
INSERT INTO DonThuoc (maDonThuoc, maHoaDon, tenBacSi, chanDoan, hinhAnhDon, thongTinBenhNhan) VALUES ('DT0013', 'HD0013', N'BS Nguyễn Văn A', N'Viêm họng cấp', 'url_hinh_anh', N'Bệnh nhân khám tại BV');
INSERT INTO HoaDon (maHoaDon, maKhachHang, maNhanVien, ngayLap, thueVAT, hinhThucThanhToan, ghiChu) VALUES ('HD0014', 'KH006', 'NV001', '2026-02-23', 8.0, 'CHUYEN_KHOAN', N'Khách mua thuốc lẻ');
INSERT INTO ChiTietHoaDon (maHoaDon, maQuyDoi, maLoThuoc, soLuong, donGia) VALUES ('HD0014', 'QD00276', 'LO00276', 1, 399000);
INSERT INTO ChiTietHoaDon (maHoaDon, maQuyDoi, maLoThuoc, soLuong, donGia) VALUES ('HD0014', 'QD01360', 'LO01360', 1, 108000);
INSERT INTO HoaDon (maHoaDon, maKhachHang, maNhanVien, ngayLap, thueVAT, hinhThucThanhToan, ghiChu) VALUES ('HD0015', 'KH007', 'NV001', '2026-02-20', 8.0, 'CHUYEN_KHOAN', N'Khách mua thuốc lẻ');
INSERT INTO ChiTietHoaDon (maHoaDon, maQuyDoi, maLoThuoc, soLuong, donGia) VALUES ('HD0015', 'QD01435', 'LO01435', 1, 288000);
INSERT INTO ChiTietHoaDon (maHoaDon, maQuyDoi, maLoThuoc, soLuong, donGia) VALUES ('HD0015', 'QD00840', 'LO00840', 1, 272000);
INSERT INTO ChiTietHoaDon (maHoaDon, maQuyDoi, maLoThuoc, soLuong, donGia) VALUES ('HD0015', 'QD02945', 'LO02945', 3, 348000);
INSERT INTO ChiTietHoaDon (maHoaDon, maQuyDoi, maLoThuoc, soLuong, donGia) VALUES ('HD0015', 'QD02381', 'LO02381', 2, 448000);
GO

-- 10. PHIEU DOI TRA & CHI TIET DOI TRA
INSERT INTO PhieuDoiTra (maPhieuDoiTra, maHoaDon, maNhanVien, ngayDoiTra, lyDo, hinhThucXuLy, phiPhat) VALUES ('PDT0001', 'HD0001', 'NV001', '2026-03-09', N'Khách bị dị ứng', 'HOAN_TIEN', 0);
INSERT INTO ChiTietDoiTra (maPhieuDoiTra, maQuyDoi, maLoThuoc, soLuong, tinhTrang) VALUES ('PDT0001', 'QD01191', 'LO01191', 1, N'Thuốc còn nguyên seal');
INSERT INTO PhieuDoiTra (maPhieuDoiTra, maHoaDon, maNhanVien, ngayDoiTra, lyDo, hinhThucXuLy, phiPhat) VALUES ('PDT0002', 'HD0006', 'NV001', '2026-03-09', N'Khách bị dị ứng', 'DOI_SAN_PHAM', 0);
INSERT INTO ChiTietDoiTra (maPhieuDoiTra, maQuyDoi, maLoThuoc, soLuong, tinhTrang) VALUES ('PDT0002', 'QD02541', 'LO02541', 1, N'Thuốc còn nguyên seal');
GO
